"","n_samples","method","V1"
"1",10000,"Permfit-DNN",13192.4609929419
"2",10000,"CPI-DNN",14135.4102396321
