,n_samples,Method,V1
1,1000,CPI-RF,1287.37596
2,1000,Permfit-DNN,3092.96807
3,1000,CPI-DNN,3247.61401
4,1000,Knockoff-Lasso,48.54227
5,1000,Marginal,2.84570000000001
6,1000,Knockoff-Bart,295.16324
7,1000,SHAP,52.26706
8,1000,MDI,3823.9078
9,1000,Conditional-RF,4157.80484
10,1000,Knockoff-Deep,1297.68407
11,1000,d0CRT,607.61035
12,1000,BART,264.25862
13,1000,SAGE,36927.84344
14,1000,Lazy VI,1701.81876
